CarNumber,SURNAME
Y163O8161RUS,TURNER
E432XX77RUS,MARTINEZ
7184TT36RUS,HALL
X582HE161RUS,REED
92918M178RUS,SANCHEZ
H234YH197RUS,MORRIS
E40577152RUS,MARTINEZ
707987163RUS,TAYLOR
K330T8197RUS,COLLINS
X786CO96RUS,RIVERA
C477M7161RUS,TORRES
O21997197RUS,GARCIA
M592CH197RUS,COX
9020YC197RUS,DIAZ
8182XX154RUS,ANDERSON
7830C8197RUS,WHITE
7066C8197RUS,ROGERS
M298CH161RUS,SMITH
E445TC197RUS,WARD
8440XX154RUS,PARKER
9371CE154RUS,COLLINS
9182CE154RUS,WATSON
83298C154RUS,KING
Y7659C197RUS,COLLINS
C922YE197RUS,GARCIA
7364C8197RUS,GUTIERREZ
M5039X197RUS,MURPHY
8603T8154RUS,THOMAS
92928M178RUS,LONG
O672E8197RUS,STEWART
E42277152RUS,THOMAS
C903MC161RUS,HUGHES
T7318T163RUS,CARTER
Y7719C197RUS,BROOKS
T011MY163RUS,RIVERA
H115YO163RUS,COLLINS
73467Y96RUS,PEREZ
O134HE197RUS,HERNANDEZ
H968HY161RUS,MENDOZA
Y654E8750RUS,MORRIS
H963HY161RUS,MENDOZA
H232YH197RUS,GRAY
7843C8197RUS,MYERS
X791O796RUS,RODRIGUEZ
H958HY161RUS,PHILLIPS
708587163RUS,THOMAS
Y973O8197RUS,JIMENEZ
97977H178RUS,SMITH
H917TC36RUS,EVANS
Y7709C197RUS,YOUNG
8513XX154RUS,GREEN
T870X7163RUS,WARD
8818C877RUS,NELSON
T395OT197RUS,JOHNSON
K327T8197RUS,BENNETT
8311XX154RUS,ROBINSON
X423MK197RUS,WILSON
96429X178RUS,MORALES
O275O7161RUS,WOOD
7789KT197RUS,MENDOZA
E28877161RUS,RAMOS
T6068M116RUS,WALKER
9498KX178RUS,CARTER
99209X178RUS,MORRIS
T6449O50RUS,JAMES
9683EC178RUS,MARTIN
Y353O8197RUS,CAMPBELL
O719MM163RUS,COLLINS
E535MM199RUS,RICHARDSON
Y352O8197RUS,ADAMS
7788KT197RUS,HALL
E807HE77RUS,MOORE
M516CH161RUS,MENDOZA
89587X197RUS,MORGAN
7781KT197RUS,WHITE
E645TH36RUS,THOMAS
Y302E877RUS,ANDERSON
M058XE36RUS,ROSS
8166XX154RUS,PARKER
M589CH197RUS,ADAMS
9408H7178RUS,COOPER
H387TM197RUS,WRIGHT
8049HT125RUS,MARTINEZ
9698MO178RUS,SCOTT
8685HE154RUS,BROOKS
7177TT36RUS,CARTER
O77997197RUS,BROOKS
Y234E877RUS,RUIZ
97987H178RUS,CASTILLO
X257HE161RUS,KELLY
T399KX197RUS,BROOKS
H957HY161RUS,ANDERSON
K379HY161RUS,KELLY
T654HT96RUS,ANDERSON
8439XX154RUS,BAKER
Y965EE197RUS,SANDERS
X758HY197RUS,BENNETT
M0279X197RUS,GOMEZ
H224X836RUS,BAKER
E6849O154RUS,SMITH
O83797197RUS,TURNER
9402KK197RUS,COOK
7368C8197RUS,NELSON
H427YH197RUS,RAMOS
9583EY178RUS,LONG
Y038E877RUS,CASTILLO
9822H8161RUS,MOORE
7826C8197RUS,SANCHEZ
E160YX77RUS,WARD
82337X197RUS,WALKER
X757HY197RUS,CRUZ
X765HY197RUS,MURPHY
934497178RUS,MARTIN
K2807K154RUS,ROBERTS
T8008Y125RUS,RICHARDSON
Y960EE197RUS,ALLEN
7840C8197RUS,MORGAN
K846YE77RUS,SANDERS
7827C8197RUS,HARRIS
Y655E8750RUS,HILL
H003MH197RUS,DIAZ
Y7699C197RUS,MARTINEZ
Y8399C197RUS,LEWIS
9135X938RUS,GONZALEZ
H385TM197RUS,HARRIS
9428EX178RUS,MURPHY
H837YK197RUS,SANDERS
O83597197RUS,STEWART
E42577152RUS,TURNER
E53277152RUS,MORGAN
C476M7161RUS,RUIZ
9943KK197RUS,ROBERTS
8165XX154RUS,MORALES
T476KX197RUS,THOMPSON
C422X938RUS,MILLER
K328T8197RUS,KIM
9466EX178RUS,HUGHES
X256HE161RUS,MILLER
Y275O8197RUS,BAILEY
H217X836RUS,GOMEZ
Y316E877RUS,BENNETT
8601XX154RUS,WATSON
M741T9152RUS,DIAZ
9883HX152RUS,BROWN
Y6829Y50RUS,JOHNSON
H004MH197RUS,TAYLOR
704987163RUS,JONES
E316EH197RUS,MORGAN
O22297197RUS,COLLINS
O02597197RUS,SMITH
X015HY197RUS,PETERSON
T769OT197RUS,MOORE
Y778EE197RUS,RICHARDSON
7829C8197RUS,RAMIREZ
T272HH163RUS,RICHARDSON
T018OX197RUS,HERNANDEZ
Y255E877RUS,GREEN
9697MO178RUS,COOPER
T686EO197RUS,EDWARDS
C590EY154RUS,WILSON
T941CC96RUS,RODRIGUEZ
O22397197RUS,EDWARDS
X242EC197RUS,NGUYEN
T020OX197RUS,WOOD
E33577152RUS,KING
E773EH197RUS,PARKER
T6428M116RUS,WOOD
Y7129Y50RUS,MORALES
Y418EX197RUS,SANDERS
Y7689C197RUS,HUGHES
E52877152RUS,RODRIGUEZ
7369C8197RUS,MOORE
Y166O8161RUS,BROOKS
705287163RUS,PHILLIPS
K559KC161RUS,STEWART
M0299X197RUS,LONG
84418C154RUS,ALVAREZ
E53488152RUS,DIAZ
90159H178RUS,YOUNG
C798ET50RUS,PARKER
Y193O8161RUS,MORALES
7248C8197RUS,REYES
K357YE77RUS,GARCIA
E0697X152RUS,HILL
E40877152RUS,HALL
Y351O8197RUS,CHAVEZ
Y356O8197RUS,WATSON
O6939X163RUS,ROSS
Y7649C197RUS,EDWARDS
9935TE152RUS,MILLER
704687163RUS,ADAMS
7197TT36RUS,RAMIREZ
O143HO197RUS,BAILEY
K436MO152RUS,WILLIAMS
9938OH154RUS,WALKER
E34877152RUS,HOWARD
E5878M777RUS,RAMOS
7844C8197RUS,COOPER
C584EY154RUS,ROBERTS
E28977161RUS,WHITE
T016OX197RUS,CARTER
H889YK197RUS,PEREZ
7363C8197RUS,JIMENEZ
T6039O50RUS,WARD
7365C8197RUS,ROSS
Y967O8197RUS,ROGERS
E816HE77RUS,GONZALEZ
T6329O50RUS,DIAZ
X504X8197RUS,KELLY
M581CH197RUS,REED
X523OM161RUS,RAMIREZ
C412X938RUS,GOMEZ
7831C8197RUS,SANCHEZ
8164XX154RUS,FOSTER
T6419O50RUS,BAKER
E822TH36RUS,GONZALEZ
8437XX154RUS,SANDERS
C515X938RUS,HILL
7172TT36RUS,CLARK
8436XX154RUS,TORRES
E79988152RUS,GUTIERREZ
8180XX154RUS,RAMIREZ
84438C154RUS,GRAY
T6309O50RUS,RAMOS
T6129O50RUS,MOORE
K339T8197RUS,JIMENEZ
X782CO96RUS,MORGAN
E591HE77RUS,ORTIZ
9499KX178RUS,WARD
Y357O8197RUS,PEREZ
Y652O8197RUS,GUTIERREZ
X767HY197RUS,CAMPBELL
H220X836RUS,PHILLIPS
H218X836RUS,ALVAREZ
T913CT197RUS,PATEL
T6439O50RUS,HALL
7784KT197RUS,LEE
X286TC36RUS,HOWARD
O752MX161RUS,BROWN
Y7449Y50RUS,WOOD
92828M178RUS,BROOKS
Y650E8750RUS,MURPHY
8321XX154RUS,THOMAS
8316XX154RUS,CLARK
T017OX197RUS,ROBINSON
H977HY161RUS,JAMES
X522OM161RUS,COOK
O085E8197RUS,DAVIS
705387163RUS,MURPHY
O017KO197RUS,BROOKS
X4138H125RUS,SCOTT
8441XX154RUS,EDWARDS
M0269X197RUS,ORTIZ
T483CT96RUS,JACKSON
T940CC96RUS,KING
C58078163RUS,JOHNSON
O02397197RUS,EDWARDS
8611T8154RUS,MOORE
704787163RUS,BROOKS
C313MM99RUS,WILLIAMS
X763HY197RUS,ROBERTS
M386M9197RUS,BENNETT
8605T8154RUS,FLORES
7147OE161RUS,LEE
7361C8197RUS,CRUZ
Y359EY197RUS,COOPER
T6559O50RUS,GONZALEZ
9469EX178RUS,MARTIN
Y6839Y50RUS,WILLIAMS
H237YH197RUS,ALVAREZ
T948OM96RUS,BROOKS
T395KX197RUS,EDWARDS
M301CH161RUS,GARCIA
9496KX178RUS,WILLIAMS
T6319O50RUS,ROBINSON
H305T8197RUS,JACKSON
8201XX154RUS,RAMIREZ
O64297197RUS,PETERSON
9523M8178RUS,LONG
Y273O8197RUS,WILLIAMS
T6229O50RUS,PATEL
X023HY197RUS,CHAVEZ
8226XX154RUS,PRICE
Y038TO197RUS,COX
M0289X197RUS,TURNER
E811HE77RUS,LEWIS
X795O796RUS,GONZALEZ
O39997197RUS,WOOD
97968K152RUS,BAILEY
H219X836RUS,LOPEZ
T6169O50RUS,WALKER
94178K154RUS,ALLEN
9467EX178RUS,COOPER
O78097197RUS,BAKER
X5707X161RUS,DIAZ
Y232E877RUS,ADAMS
Y388E877RUS,YOUNG
X255HE161RUS,SMITH
E552MO152RUS,HILL
97998K152RUS,GONZALEZ
Y963O8197RUS,RICHARDSON
T477KX197RUS,ANDERSON
T2639T116RUS,RIVERA
O49797197RUS,RAMOS
O68897197RUS,LEE
72457Y96RUS,HALL
7064C8197RUS,HOWARD
E948C8152RUS,SANDERS
C514X938RUS,LEE
C589EY154RUS,MURPHY
K899T8197RUS,RAMOS
T6418M116RUS,RAMOS
8607XX154RUS,EVANS
92778M178RUS,FLORES
T288CT96RUS,CLARK
9886HX152RUS,RAMOS
C583EY154RUS,TURNER
C592EY154RUS,WRIGHT
T6459O50RUS,MILLER
X759HY197RUS,MOORE
705787163RUS,ALVAREZ
92898M178RUS,THOMAS
9671EC178RUS,WALKER
M302CH161RUS,BROWN
M578CH197RUS,WRIGHT
Y207O8161RUS,SANCHEZ
96659X178RUS,ROBERTS
T912CT197RUS,ORTIZ
7183TT36RUS,REYES
89557X197RUS,MORRIS
Y359O8197RUS,RUIZ
K2817K154RUS,MARTIN
Y964O8197RUS,HARRIS
H967HY161RUS,BAKER
E394MO152RUS,GOMEZ
O50699163RUS,MORGAN
9463EX178RUS,PARKER
E53677152RUS,RIVERA
K338T8197RUS,WALKER
Y4298M777RUS,PATEL
Y687HM197RUS,PATEL
98037H178RUS,GARCIA
7828C8197RUS,HERNANDEZ
H980HY161RUS,MOORE
H906YK197RUS,ROGERS
7199MT197RUS,COOK
X908XC197RUS,KIM
T171CC96RUS,TURNER
X4108H125RUS,CRUZ
Y966O8197RUS,MOORE
K2797K154RUS,MYERS
7089H8163RUS,HOWARD
7841C8197RUS,COX
9940KK197RUS,LEWIS
H971HY161RUS,THOMAS
H844YH197RUS,KIM
E33477152RUS,YOUNG
Y156E877RUS,CLARK
E396MO152RUS,BROOKS
Y969O8197RUS,PEREZ
9028CO161RUS,MORRIS
T6249O50RUS,REYES
E42377152RUS,COX
9941KK197RUS,BENNETT
M372CH197RUS,WATSON
K040CC197RUS,RIVERA
E41577152RUS,WRIGHT
9763HY161RUS,TURNER
T535ET96RUS,MARTINEZ
H961HY161RUS,MORRIS
M2169X197RUS,WALKER
8234XX154RUS,FLORES
O83697197RUS,BENNETT
E52677152RUS,SMITH
8451M7154RUS,PETERSON
9589EY178RUS,WILSON
H907YK197RUS,NGUYEN
O39897197RUS,EDWARDS
M3879X197RUS,PEREZ
C299K9154RUS,MENDOZA
9468EX178RUS,MORALES
M375CH197RUS,LEE
H982HY161RUS,MORGAN
8224XX154RUS,JOHNSON
Y653E8750RUS,THOMPSON
K558KC161RUS,HARRIS
O058M7161RUS,EVANS
M256OH161RUS,EDWARDS
T242H8197RUS,FLORES
K27188138RUS,PATEL
96629X178RUS,WHITE
9881HX152RUS,KIM
T479KX197RUS,REED
M680T9152RUS,HERNANDEZ
C410X938RUS,RAMIREZ
X762HY197RUS,STEWART
9470EX178RUS,CAMPBELL
X4128H125RUS,THOMPSON
9762HY161RUS,HERNANDEZ
H419XE197RUS,COLLINS
98017H178RUS,EVANS
Y780EE197RUS,PATEL
M580CH197RUS,EDWARDS
9943OH154RUS,YOUNG
Y354O8197RUS,LOPEZ
7065C8197RUS,MILLER
E28777161RUS,HERNANDEZ
M701T9152RUS,SANCHEZ
E577HE77RUS,ALVAREZ
92788M178RUS,COX
9072EM178RUS,WALKER
9409H7178RUS,MORALES
C3829X154RUS,ROSS
T478KX197RUS,CHAVEZ
T119CT96RUS,BAILEY
708487163RUS,RUIZ
H983HY161RUS,LOPEZ
7842C8197RUS,THOMAS
O64097197RUS,NELSON
Y693HM197RUS,JOHNSON
96857X197RUS,SCOTT
T394KX197RUS,EDWARDS
O49897197RUS,MORGAN
H963X936RUS,ROGERS
T341CC96RUS,EVANS
9942KK197RUS,WILLIAMS
9141H8178RUS,PETERSON
7370C8197RUS,MARTINEZ
9890HX152RUS,BAKER
M268CH197RUS,YOUNG
C419X938RUS,JACKSON
M0319X197RUS,JOHNSON
M577CH197RUS,MORGAN
H975HY161RUS,YOUNG
X018HY197RUS,REED
E33177152RUS,ROBERTS
9491H7178RUS,JACKSON
M374CH197RUS,CASTILLO
96679X178RUS,SCOTT
9594HY161RUS,ROGERS
83218C154RUS,MENDOZA
9764HY161RUS,COLLINS
708187163RUS,RUIZ
H908YK197RUS,ANDERSON
Y656E8750RUS,BROWN
9679EC178RUS,HARRIS
C803KE163RUS,KELLY
Y7379Y50RUS,BROOKS
X320MK197RUS,MITCHELL
96907X197RUS,CASTILLO
H235YH197RUS,KELLY
9474EX178RUS,KING
Y8259C197RUS,MORGAN
E29577161RUS,HOWARD
X761HY197RUS,MARTIN
T396KX197RUS,SANDERS
C593EY154RUS,CRUZ
Y164O8161RUS,WILSON
M942OT152RUS,BROWN
Y7429Y50RUS,COOPER
H976HY161RUS,PEREZ
Y195O8161RUS,ROBINSON
O669E8197RUS,COLLINS
Y187O8161RUS,HARRIS
K329T8197RUS,WALKER
9677MO178RUS,MORALES
9939KK197RUS,BAKER
M373CH197RUS,ORTIZ
7164YM36RUS,KIM
O753MX161RUS,RAMIREZ
T6488M116RUS,COOK
98047H178RUS,WARD
9488EY178RUS,WRIGHT
O481OH77RUS,TORRES
K326T8197RUS,TORRES
X796TH96RUS,ADAMS
Y358O8197RUS,DAVIS
C420X938RUS,HARRIS
Y965O8197RUS,DAVIS
Y274O8197RUS,THOMPSON
E223YM197RUS,JOHNSON
Y964EE197RUS,CRUZ
T6049O50RUS,BAILEY
H259HY161RUS,EDWARDS
Y344E877RUS,RIVERA
K889HY161RUS,JACKSON
H214X836RUS,MILLER
O421OT161RUS,KING
7360C8197RUS,WATSON
Y194O8161RUS,TURNER
T6359O50RUS,REYES
E29677161RUS,ROGERS
T020MM116RUS,PHILLIPS
9502XX38RUS,EVANS
8521XX154RUS,JAMES
K376HE161RUS,DIAZ
7193TT36RUS,CASTILLO
O785T9163RUS,THOMAS
H618YC38RUS,THOMAS
9068EM178RUS,BENNETT
7783KT197RUS,WRIGHT
Y305E877RUS,WALKER
E881OT197RUS,HOWARD
O718MM163RUS,EVANS
9975CC77RUS,ROGERS
T195OK161RUS,WILSON
T914CT197RUS,DIAZ
E41977152RUS,CLARK
9464EX178RUS,BAKER
O50197197RUS,ALVAREZ
7608EE777RUS,RUIZ
SJ0273Y61RUS,RODGERS
AP321E161RUS,JHONSONS
CS527Y161RUS,COOPERS
